{"cameraMode":{"drawMode":0,"name":"Shaded","section":"Shading Mode"},"sceneLighting":true,"audioPlay":false,"sceneViewState":{"showFog":true,"showMaterialUpdate":true,"showSkybox":true,"showFlares":true,"showImageEffects":true,"showParticleSystems":true},"in2DMode":false,"pivot":{"x":-75.45980072021485,"y":68.72400665283203,"z":-28.6973819732666},"rotation":{"x":-0.01881362497806549,"y":0.19929304718971253,"z":0.003840371500700712,"w":0.979781448841095},"size":10.0,"orthographic":false}