{"cameraMode":{"drawMode":0,"name":"Shaded","section":"Shading Mode"},"sceneLighting":false,"audioPlay":false,"sceneViewState":{"showFog":true,"showMaterialUpdate":true,"showSkybox":false,"showFlares":true,"showImageEffects":true,"showParticleSystems":true},"in2DMode":false,"pivot":{"x":-81.49099731445313,"y":66.54679870605469,"z":-52.965999603271487},"rotation":{"x":0.1399666666984558,"y":0.4061991572380066,"z":-0.06326401233673096,"w":0.9008713960647583},"size":1.2974263429641724,"orthographic":false}