{"cameraMode":{"drawMode":0,"name":"Shaded","section":"Shading Mode"},"sceneLighting":false,"audioPlay":false,"sceneViewState":{"showFog":true,"showMaterialUpdate":true,"showSkybox":false,"showFlares":true,"showImageEffects":true,"showParticleSystems":true},"in2DMode":false,"pivot":{"x":-70.29637908935547,"y":67.32557678222656,"z":-57.64043045043945},"rotation":{"x":-0.021121077239513398,"y":-0.7503336071968079,"z":-0.02457464672625065,"w":0.6605488061904907},"size":0.0917879119515419,"orthographic":false}