{"cameraMode":{"drawMode":0,"name":"Shaded","section":"Shading Mode"},"sceneLighting":true,"audioPlay":false,"sceneViewState":{"showFog":true,"showMaterialUpdate":true,"showSkybox":true,"showFlares":true,"showImageEffects":true,"showParticleSystems":true},"in2DMode":false,"pivot":{"x":-90.90667724609375,"y":67.7862319946289,"z":-51.911277770996097},"rotation":{"x":0.01209334097802639,"y":-0.6313962936401367,"z":0.009851308539509774,"w":0.775356113910675},"size":10.920249938964844,"orthographic":false}